"year";"n.plots";"plot.comb";"mean.sp";"min.sp";"max.sp"
2015;1;1;7;7;7
2015;1;2;9;9;9
2015;1;3;5;5;5
2015;1;4;4;4;4
2015;1;5;4;4;4
2015;1;6;7;7;7
2015;1;7;2;2;2
2015;1;8;2;2;2
2015;2;1;13;13;13
2015;2;2;9,4;9;10
2015;2;3;8;8;8
2015;2;4;7,75;7;8
2015;2;5;9,5;9;10
2015;2;6;8;8;8
2015;2;7;8;8;8
2015;2;8;7;7;7
2015;2;9;11,4;9;13
2015;2;10;9,75;9;10
2015;2;11;10;9;11
2015;2;12;11,5;10;13
2015;2;13;10;10;10
2015;2;14;10;10;10
2015;2;15;9;9;9
2015;2;16;7,8;6;9
2015;2;17;7,3;6;8
2015;2;18;10,2;9;11
2015;2;19;5,6;5;6
2015;2;20;5,6;5;6
2015;2;21;5;5;5
2015;2;22;5,4375;4;7
2015;2;23;8,125;7;9
2015;2;24;5,25;5;6
2015;2;25;5,25;5;6
2015;2;26;4;4;4
2015;2;27;8,125;7;9
2015;2;28;5;5;5
2015;2;29;5;5;5
2015;2;30;4;4;4
2015;2;31;8;8;8
2015;2;32;8;8;8
2015;2;33;7;7;7
2015;2;34;2;2;2
2015;2;35;2;2;2
2015;2;36;2;2;2
2015;3;1;14;13;15
2015;3;2;13;13;13
2015;3;3;13;13;13
2015;3;4;13,5;13;14
2015;3;5;14;14;14
2015;3;6;14;14;14
2015;3;7;13;13;13
2015;3;8;10,2;10;11
2015;3;9;10;9;11
2015;3;10;11,4;10;12
2015;3;11;10;9;11
2015;3;12;10;9;11
2015;3;13;9,4;9;10
2015;3;14;8,25;8;9
2015;3;15;10;10;10
2015;3;16;9;9;9
2015;3;17;9;9;9
2015;3;18;8;8;8
2015;3;19;10;9;11
2015;3;20;8,75;8;9
2015;3;21;8,75;8;9
2015;3;22;7,75;7;8
2015;3;23;10;9;11
2015;3;24;10;9;11
2015;3;25;9,5;9;10
2015;3;26;8;8;8
2015;3;27;8;8;8
2015;3;28;8;8;8
2015;3;29;12;9;14
2015;3;30;11,95;9;14
2015;3;31;13,1;10;15
2015;3;32;12;10;13
2015;3;33;12;10;13
2015;3;34;11,4;9;13
2015;3;35;10,4375;9;11
2015;3;36;11,75;10;13
2015;3;37;10,75;10;11
2015;3;38;10,75;10;11
2015;3;39;9,75;9;10
2015;3;40;11,625;10;13
2015;3;41;11;10;12
2015;3;42;11;10;12
2015;3;43;10;9;11
2015;3;44;12;11;13
2015;3;45;12;11;13
2015;3;46;11,5;10;13
2015;3;47;10;10;10
2015;3;48;10;10;10
2015;3;49;10;10;10
2015;3;50;8,55;6;11
2015;3;51;10,85;9;12
2015;3;52;8,4;7;10
2015;3;53;8,4;7;10
2015;3;54;7,8;6;9
2015;3;55;10,725;9;12
2015;3;56;7,9;7;9
2015;3;57;7,9;7;9
2015;3;58;7,3;6;8
2015;3;59;10,5;10;11
2015;3;60;10,5;10;11
2015;3;61;10,2;9;11
2015;3;62;5,6;5;6
2015;3;63;5,6;5;6
2015;3;64;5,6;5;6
2015;3;65;8,5625;7;10
2015;3;66;6,4375;5;8
2015;3;67;6,4375;5;8
2015;3;68;5,4375;4;7
2015;3;69;8,75;8;9
2015;3;70;8,75;8;9
2015;3;71;8,125;7;9
2015;3;72;5,25;5;6
2015;3;73;5,25;5;6
2015;3;74;5,25;5;6
2015;3;75;8,625;8;9
2015;3;76;8,625;8;9
2015;3;77;8,125;7;9
2015;3;78;5;5;5
2015;3;79;5;5;5
2015;3;80;5;5;5
2015;3;81;8;8;8
2015;3;82;8;8;8
2015;3;83;8;8;8
2015;3;84;2;2;2
2015;4;1;14;13;15
2015;4;2;14;13;15
2015;4;3;14,3;13;15
2015;4;4;14,6;14;15
2015;4;5;14,6;14;15
2015;4;6;14;13;15
2015;4;7;13;13;13
2015;4;8;13,5;13;14
2015;4;9;14;14;14
2015;4;10;14;14;14
2015;4;11;13;13;13
2015;4;12;13,5;13;14
2015;4;13;14;14;14
2015;4;14;14;14;14
2015;4;15;13;13;13
2015;4;16;14;14;14
2015;4;17;14;14;14
2015;4;18;13,5;13;14
2015;4;19;14;14;14
2015;4;20;14;14;14
2015;4;21;14;14;14
2015;4;22;10,4;10;12
2015;4;23;11,8;11;12
2015;4;24;10,8;10;11
2015;4;25;10,8;10;11
2015;4;26;10,2;10;11
2015;4;27;11,8;10;13
2015;4;28;10,6;9;11
2015;4;29;10,6;9;11
2015;4;30;10;9;11
2015;4;31;11,7;10;13
2015;4;32;11,7;10;13
2015;4;33;11,4;10;12
2015;4;34;10;9;11
2015;4;35;10;9;11
2015;4;36;10;9;11
2015;4;37;10,25;10;11
2015;4;38;9,25;9;10
2015;4;39;9,25;9;10
2015;4;40;8,25;8;9
2015;4;41;10,5;10;11
2015;4;42;10,5;10;11
2015;4;43;10;10;10
2015;4;44;9;9;9
2015;4;45;9;9;9
2015;4;46;9;9;9
2015;4;47;10,5;9;12
2015;4;48;10,5;9;12
2015;4;49;10;9;11
2015;4;50;8,75;8;9
2015;4;51;8,75;8;9
2015;4;52;8,75;8;9
2015;4;53;10;9;11
2015;4;54;10;9;11
2015;4;55;10;9;11
2015;4;56;8;8;8
2015;4;57;12,35;9;14
2015;4;58;13,35;10;15
2015;4;59;12,6;10;14
2015;4;60;12,6;10;14
2015;4;61;12;9;14
2015;4;62;13,225;10;15
2015;4;63;12,55;10;14
2015;4;64;12,55;10;14
2015;4;65;11,95;9;14
2015;4;66;13,4;11;15
2015;4;67;13,4;11;15
2015;4;68;13,1;10;15
2015;4;69;12;10;13
2015;4;70;12;10;13
2015;4;71;12;10;13
2015;4;72;11,8125;10;13
2015;4;73;11,4375;10;12
2015;4;74;11,4375;10;12
2015;4;75;10,4375;9;11
2015;4;76;12,25;11;13
2015;4;77;12,25;11;13
2015;4;78;11,75;10;13
2015;4;79;10,75;10;11
2015;4;80;10,75;10;11
2015;4;81;10,75;10;11
2015;4;82;12,125;11;13
2015;4;83;12,125;11;13
2015;4;84;11,625;10;13
2015;4;85;11;10;12
2015;4;86;11;10;12
2015;4;87;11;10;12
2015;4;88;12;11;13
2015;4;89;12;11;13
2015;4;90;12;11;13
2015;4;91;10;10;10
2015;4;92;11,1125;9;13
2015;4;93;9,15;7;11
2015;4;94;9,15;7;11
2015;4;95;8,55;6;11
2015;4;96;11,15;10;12
2015;4;97;11,15;10;12
2015;4;98;10,85;9;12
2015;4;99;8,4;7;10
2015;4;100;8,4;7;10
2015;4;101;8,4;7;10
2015;4;102;11,025;10;12
2015;4;103;11,025;10;12
2015;4;104;10,725;9;12
2015;4;105;7,9;7;9
2015;4;106;7,9;7;9
2015;4;107;7,9;7;9
2015;4;108;10,5;10;11
2015;4;109;10,5;10;11
2015;4;110;10,5;10;11
2015;4;111;5,6;5;6
2015;4;112;9,0625;8;10
2015;4;113;9,0625;8;10
2015;4;114;8,5625;7;10
2015;4;115;6,4375;5;8
2015;4;116;6,4375;5;8
2015;4;117;6,4375;5;8
2015;4;118;8,75;8;9
2015;4;119;8,75;8;9
2015;4;120;8,75;8;9
2015;4;121;5,25;5;6
2015;4;122;8,625;8;9
2015;4;123;8,625;8;9
2015;4;124;8,625;8;9
2015;4;125;5;5;5
2015;4;126;8;8;8
2015;5;1;14;13;15
2015;5;2;14,3;13;15
2015;5;3;14,6;14;15
2015;5;4;14,6;14;15
2015;5;5;14;13;15
2015;5;6;14,3;13;15
2015;5;7;14,6;14;15
2015;5;8;14,6;14;15
2015;5;9;14;13;15
2015;5;10;14,6;14;15
2015;5;11;14,6;14;15
2015;5;12;14,3;13;15
2015;5;13;14,6;14;15
2015;5;14;14,6;14;15
2015;5;15;14,6;14;15
2015;5;16;13,5;13;14
2015;5;17;14;14;14
2015;5;18;14;14;14
2015;5;19;13;13;13
2015;5;20;14;14;14
2015;5;21;14;14;14
2015;5;22;13,5;13;14
2015;5;23;14;14;14
2015;5;24;14;14;14
2015;5;25;14;14;14
2015;5;26;14;14;14
2015;5;27;14;14;14
2015;5;28;13,5;13;14
2015;5;29;14;14;14
2015;5;30;14;14;14
2015;5;31;14;14;14
2015;5;32;14;14;14
2015;5;33;14;14;14
2015;5;34;14;14;14
2015;5;35;14;14;14
2015;5;36;12;11;13
2015;5;37;11;10;12
2015;5;38;11;10;12
2015;5;39;10,4;10;12
2015;5;40;12,1;11;13
2015;5;41;12,1;11;13
2015;5;42;11,8;11;12
2015;5;43;10,8;10;11
2015;5;44;10,8;10;11
2015;5;45;10,8;10;11
2015;5;46;12,1;10;14
2015;5;47;12,1;10;14
2015;5;48;11,8;10;13
2015;5;49;10,6;9;11
2015;5;50;10,6;9;11
2015;5;51;10,6;9;11
2015;5;52;11,7;10;13
2015;5;53;11,7;10;13
2015;5;54;11,7;10;13
2015;5;55;10;9;11
2015;5;56;10,75;10;12
2015;5;57;10,75;10;12
2015;5;58;10,25;10;11
2015;5;59;9,25;9;10
2015;5;60;9,25;9;10
2015;5;61;9,25;9;10
2015;5;62;10,5;10;11
2015;5;63;10,5;10;11
2015;5;64;10,5;10;11
2015;5;65;9;9;9
2015;5;66;10,5;9;12
2015;5;67;10,5;9;12
2015;5;68;10,5;9;12
2015;5;69;8,75;8;9
2015;5;70;10;9;11
2015;5;71;13,4125;10;15
2015;5;72;12,95;10;14
2015;5;73;12,95;10;14
2015;5;74;12,35;9;14
2015;5;75;13,65;11;15
2015;5;76;13,65;11;15
2015;5;77;13,35;10;15
2015;5;78;12,6;10;14
2015;5;79;12,6;10;14
2015;5;80;12,6;10;14
2015;5;81;13,525;11;15
2015;5;82;13,525;11;15
2015;5;83;13,225;10;15
2015;5;84;12,55;10;14
2015;5;85;12,55;10;14
2015;5;86;12,55;10;14
2015;5;87;13,4;11;15
2015;5;88;13,4;11;15
2015;5;89;13,4;11;15
2015;5;90;12;10;13
2015;5;91;12,3125;11;13
2015;5;92;12,3125;11;13
2015;5;93;11,8125;10;13
2015;5;94;11,4375;10;12
2015;5;95;11,4375;10;12
2015;5;96;11,4375;10;12
2015;5;97;12,25;11;13
2015;5;98;12,25;11;13
2015;5;99;12,25;11;13
2015;5;100;10,75;10;11
2015;5;101;12,125;11;13
2015;5;102;12,125;11;13
2015;5;103;12,125;11;13
2015;5;104;11;10;12
2015;5;105;12;11;13
2015;5;106;11,4125;10;13
2015;5;107;11,4125;10;13
2015;5;108;11,1125;9;13
2015;5;109;9,15;7;11
2015;5;110;9,15;7;11
2015;5;111;9,15;7;11
2015;5;112;11,15;10;12
2015;5;113;11,15;10;12
2015;5;114;11,15;10;12
2015;5;115;8,4;7;10
2015;5;116;11,025;10;12
2015;5;117;11,025;10;12
2015;5;118;11,025;10;12
2015;5;119;7,9;7;9
2015;5;120;10,5;10;11
2015;5;121;9,0625;8;10
2015;5;122;9,0625;8;10
2015;5;123;9,0625;8;10
2015;5;124;6,4375;5;8
2015;5;125;8,75;8;9
2015;5;126;8,625;8;9
2015;6;1;14,3;13;15
2015;6;2;14,6;14;15
2015;6;3;14,6;14;15
2015;6;4;14;13;15
2015;6;5;14,6;14;15
2015;6;6;14,6;14;15
2015;6;7;14,3;13;15
2015;6;8;14,6;14;15
2015;6;9;14,6;14;15
2015;6;10;14,6;14;15
2015;6;11;14,6;14;15
2015;6;12;14,6;14;15
2015;6;13;14,3;13;15
2015;6;14;14,6;14;15
2015;6;15;14,6;14;15
2015;6;16;14,6;14;15
2015;6;17;14,6;14;15
2015;6;18;14,6;14;15
2015;6;19;14,6;14;15
2015;6;20;14,6;14;15
2015;6;21;14;14;14
2015;6;22;14;14;14
2015;6;23;13,5;13;14
2015;6;24;14;14;14
2015;6;25;14;14;14
2015;6;26;14;14;14
2015;6;27;14;14;14
2015;6;28;14;14;14
2015;6;29;14;14;14
2015;6;30;14;14;14
2015;6;31;14;14;14
2015;6;32;14;14;14
2015;6;33;14;14;14
2015;6;34;14;14;14
2015;6;35;14;14;14
2015;6;36;12,3;11;14
2015;6;37;12,3;11;14
2015;6;38;12;11;13
2015;6;39;11;10;12
2015;6;40;11;10;12
2015;6;41;11;10;12
2015;6;42;12,1;11;13
2015;6;43;12,1;11;13
2015;6;44;12,1;11;13
2015;6;45;10,8;10;11
2015;6;46;12,1;10;14
2015;6;47;12,1;10;14
2015;6;48;12,1;10;14
2015;6;49;10,6;9;11
2015;6;50;11,7;10;13
2015;6;51;10,75;10;12
2015;6;52;10,75;10;12
2015;6;53;10,75;10;12
2015;6;54;9,25;9;10
2015;6;55;10,5;10;11
2015;6;56;10,5;9;12
2015;6;57;13,7125;11;15
2015;6;58;13,7125;11;15
2015;6;59;13,4125;10;15
2015;6;60;12,95;10;14
2015;6;61;12,95;10;14
2015;6;62;12,95;10;14
2015;6;63;13,65;11;15
2015;6;64;13,65;11;15
2015;6;65;13,65;11;15
2015;6;66;12,6;10;14
2015;6;67;13,525;11;15
2015;6;68;13,525;11;15
2015;6;69;13,525;11;15
2015;6;70;12,55;10;14
2015;6;71;13,4;11;15
2015;6;72;12,3125;11;13
2015;6;73;12,3125;11;13
2015;6;74;12,3125;11;13
2015;6;75;11,4375;10;12
2015;6;76;12,25;11;13
2015;6;77;12,125;11;13
2015;6;78;11,4125;10;13
2015;6;79;11,4125;10;13
2015;6;80;11,4125;10;13
2015;6;81;9,15;7;11
2015;6;82;11,15;10;12
2015;6;83;11,025;10;12
2015;6;84;9,0625;8;10
2015;7;1;14,6;14;15
2015;7;2;14,6;14;15
2015;7;3;14,3;13;15
2015;7;4;14,6;14;15
2015;7;5;14,6;14;15
2015;7;6;14,6;14;15
2015;7;7;14,6;14;15
2015;7;8;14,6;14;15
2015;7;9;14,6;14;15
2015;7;10;14,6;14;15
2015;7;11;14,6;14;15
2015;7;12;14,6;14;15
2015;7;13;14,6;14;15
2015;7;14;14,6;14;15
2015;7;15;14,6;14;15
2015;7;16;14;14;14
2015;7;17;14;14;14
2015;7;18;14;14;14
2015;7;19;14;14;14
2015;7;20;14;14;14
2015;7;21;14;14;14
2015;7;22;12,3;11;14
2015;7;23;12,3;11;14
2015;7;24;12,3;11;14
2015;7;25;11;10;12
2015;7;26;12,1;11;13
2015;7;27;12,1;10;14
2015;7;28;10,75;10;12
2015;7;29;13,7125;11;15
2015;7;30;13,7125;11;15
2015;7;31;13,7125;11;15
2015;7;32;12,95;10;14
2015;7;33;13,65;11;15
2015;7;34;13,525;11;15
2015;7;35;12,3125;11;13
2015;7;36;11,4125;10;13
2015;8;1;14,6;14;15
2015;8;2;14,6;14;15
2015;8;3;14,6;14;15
2015;8;4;14,6;14;15
2015;8;5;14,6;14;15
2015;8;6;14,6;14;15
2015;8;7;14;14;14
2015;8;8;12,3;11;14
2015;8;9;13,7125;11;15
2015;9;1;14,6;14;15
2016;1;1;6;6;6
2016;1;2;5;5;5
2016;1;3;4;4;4
2016;1;4;5;5;5
2016;1;5;5;5;5
2016;1;6;10;10;10
2016;1;7;9;9;9
2016;1;8;9;9;9
2016;1;9;8;8;8
2016;2;1;6;6;6
2016;2;2;6,5;6;7
2016;2;3;6,5;6;7
2016;2;4;8;8;8
2016;2;5;12;12;12
2016;2;6;12;12;12
2016;2;7;12,5;12;13
2016;2;8;10,3333333333333;10;11
2016;2;9;6,5;6;7
2016;2;10;5,5;5;6
2016;2;11;7;7;7
2016;2;12;11;11;11
2016;2;13;11;11;11
2016;2;14;11,5;11;12
2016;2;15;9,33333333333333;9;10
2016;2;16;6,5;6;7
2016;2;17;7,5;7;8
2016;2;18;11,5;11;12
2016;2;19;11;11;11
2016;2;20;11;10;12
2016;2;21;9,83333333333333;9;11
2016;2;22;7,5;7;8
2016;2;23;10,5;10;11
2016;2;24;11;11;11
2016;2;25;11;10;12
2016;2;26;9,5;9;10
2016;2;27;12;12;12
2016;2;28;13;13;13
2016;2;29;12,5;12;13
2016;2;30;11;10;12
2016;2;31;12;12;12
2016;2;32;13;13;13
2016;2;33;12;11;13
2016;2;34;12;12;12
2016;2;35;11,3333333333333;11;12
2016;2;36;11,8333333333333;11;12
2016;3;1;6,5;6;7
2016;3;2;6,5;6;7
2016;3;3;8;8;8
2016;3;4;12;12;12
2016;3;5;12;12;12
2016;3;6;12,5;12;13
2016;3;7;10,3333333333333;10;11
2016;3;8;6,75;6;7
2016;3;9;8,5;8;9
2016;3;10;12;12;12
2016;3;11;12,5;12;13
2016;3;12;12,5;12;13
2016;3;13;10,6666666666667;10;11
2016;3;14;8,5;8;9
2016;3;15;12;12;12
2016;3;16;12,5;12;13
2016;3;17;12,5;12;13
2016;3;18;10,6666666666667;10;11
2016;3;19;13;13;13
2016;3;20;14;14;14
2016;3;21;14,5;14;15
2016;3;22;12,3333333333333;12;13
2016;3;23;14;14;14
2016;3;24;15;15;15
2016;3;25;13,3333333333333;13;14
2016;3;26;14;14;14
2016;3;27;13,3333333333333;13;14
2016;3;28;13,1666666666667;12;14
2016;3;29;6,75;6;7
2016;3;30;8,5;8;9
2016;3;31;12;12;12
2016;3;32;12,5;12;13
2016;3;33;12,5;12;13
2016;3;34;10,6666666666667;10;11
2016;3;35;7,5;7;8
2016;3;36;11;11;11
2016;3;37;11,5;11;12
2016;3;38;11,5;11;12
2016;3;39;9,66666666666667;9;10
2016;3;40;12;12;12
2016;3;41;13;13;13
2016;3;42;13,5;13;14
2016;3;43;11,3333333333333;11;12
2016;3;44;13;13;13
2016;3;45;14;14;14
2016;3;46;12,3333333333333;12;13
2016;3;47;13;13;13
2016;3;48;12,3333333333333;12;13
2016;3;49;12,1666666666667;11;13
2016;3;50;8,75;8;9
2016;3;51;11,75;11;12
2016;3;52;12,5;12;13
2016;3;53;12,25;11;13
2016;3;54;10,75;10;11
2016;3;55;13;13;13
2016;3;56;14,5;14;15
2016;3;57;13,5;13;14
2016;3;58;12,6666666666667;12;13
2016;3;59;13,5;13;14
2016;3;60;14,5;14;15
2016;3;61;13,1666666666667;12;14
2016;3;62;13,5;13;14
2016;3;63;12,8333333333333;12;14
2016;3;64;13;12;14
2016;3;65;12;12;12
2016;3;66;13,5;13;14
2016;3;67;13,5;13;14
2016;3;68;11,6666666666667;11;12
2016;3;69;12,5;12;13
2016;3;70;13,5;13;14
2016;3;71;12,1666666666667;11;13
2016;3;72;12,5;12;13
2016;3;73;12,5;12;13
2016;3;74;12;11;13
2016;3;75;14;14;14
2016;3;76;15;15;15
2016;3;77;13,3333333333333;13;14
2016;3;78;15;15;15
2016;3;79;14,3333333333333;14;15
2016;3;80;14,1666666666667;13;15
2016;3;81;13;13;13
2016;3;82;13,6666666666667;13;14
2016;3;83;13,6666666666667;13;14
2016;3;84;12,6666666666667;12;13
2016;4;1;6,75;6;7
2016;4;2;8,5;8;9
2016;4;3;12;12;12
2016;4;4;12,5;12;13
2016;4;5;12,5;12;13
2016;4;6;10,6666666666667;10;11
2016;4;7;8,5;8;9
2016;4;8;12;12;12
2016;4;9;12,5;12;13
2016;4;10;12,5;12;13
2016;4;11;10,6666666666667;10;11
2016;4;12;13;13;13
2016;4;13;14;14;14
2016;4;14;14,5;14;15
2016;4;15;12,3333333333333;12;13
2016;4;16;14;14;14
2016;4;17;15;15;15
2016;4;18;13,3333333333333;13;14
2016;4;19;14;14;14
2016;4;20;13,3333333333333;13;14
2016;4;21;13,1666666666667;12;14
2016;4;22;8,75;8;9
2016;4;23;12;12;12
2016;4;24;12,75;12;13
2016;4;25;12,5;12;13
2016;4;26;10,8333333333333;10;11
2016;4;27;13;13;13
2016;4;28;14,5;14;15
2016;4;29;14,5;14;15
2016;4;30;12,6666666666667;12;13
2016;4;31;14;14;14
2016;4;32;15;15;15
2016;4;33;13,3333333333333;13;14
2016;4;34;14;14;14
2016;4;35;13,6666666666667;13;14
2016;4;36;13,1666666666667;12;14
2016;4;37;13;13;13
2016;4;38;14,5;14;15
2016;4;39;14,5;14;15
2016;4;40;12,6666666666667;12;13
2016;4;41;14;14;14
2016;4;42;15;15;15
2016;4;43;13,3333333333333;13;14
2016;4;44;14;14;14
2016;4;45;13,6666666666667;13;14
2016;4;46;13,1666666666667;12;14
2016;4;47;15;15;15
2016;4;48;16;16;16
2016;4;49;14,3333333333333;14;15
2016;4;50;16;16;16
2016;4;51;15,3333333333333;15;16
2016;4;52;15,1666666666667;14;16
2016;4;53;15;15;15
2016;4;54;15;15;15
2016;4;55;15;15;15
2016;4;56;14;14;14
2016;4;57;8,75;8;9
2016;4;58;12;12;12
2016;4;59;12,75;12;13
2016;4;60;12,5;12;13
2016;4;61;10,8333333333333;10;11
2016;4;62;13;13;13
2016;4;63;14,5;14;15
2016;4;64;14,5;14;15
2016;4;65;12,6666666666667;12;13
2016;4;66;14;14;14
2016;4;67;15;15;15
2016;4;68;13,3333333333333;13;14
2016;4;69;14;14;14
2016;4;70;13,6666666666667;13;14
2016;4;71;13,1666666666667;12;14
2016;4;72;12;12;12
2016;4;73;13,5;13;14
2016;4;74;13,5;13;14
2016;4;75;11,6666666666667;11;12
2016;4;76;13;13;13
2016;4;77;14;14;14
2016;4;78;12,3333333333333;12;13
2016;4;79;13;13;13
2016;4;80;12,6666666666667;12;13
2016;4;81;12,1666666666667;11;13
2016;4;82;14;14;14
2016;4;83;15;15;15
2016;4;84;13,3333333333333;13;14
2016;4;85;15;15;15
2016;4;86;14,3333333333333;14;15
2016;4;87;14,1666666666667;13;15
2016;4;88;14;14;14
2016;4;89;14;14;14
2016;4;90;14;14;14
2016;4;91;13;13;13
2016;4;92;13;13;13
2016;4;93;14,75;14;15
2016;4;94;14,5;14;15
2016;4;95;12,8333333333333;12;13
2016;4;96;13,75;13;14
2016;4;97;14,75;14;15
2016;4;98;13,25;12;14
2016;4;99;13,75;13;14
2016;4;100;13,75;13;14
2016;4;101;13,0833333333333;12;14
2016;4;102;15;15;15
2016;4;103;16;16;16
2016;4;104;14,3333333333333;14;15
2016;4;105;16;16;16
2016;4;106;15,6666666666667;15;16
2016;4;107;15,1666666666667;14;16
2016;4;108;14,5;14;15
2016;4;109;14,8333333333333;14;15
2016;4;110;14,8333333333333;14;15
2016;4;111;13,8333333333333;13;14
2016;4;112;14;14;14
2016;4;113;15;15;15
2016;4;114;13,3333333333333;13;14
2016;4;115;15;15;15
2016;4;116;14,6666666666667;14;15
2016;4;117;14,1666666666667;13;15
2016;4;118;13,5;13;14
2016;4;119;13,8333333333333;13;14
2016;4;120;13,8333333333333;13;14
2016;4;121;12,8333333333333;12;13
2016;4;122;15;15;15
2016;4;123;15;15;15
2016;4;124;15;15;15
2016;4;125;15;15;15
2016;4;126;13,6666666666667;13;14
2016;5;1;8,75;8;9
2016;5;2;12;12;12
2016;5;3;12,75;12;13
2016;5;4;12,5;12;13
2016;5;5;10,8333333333333;10;11
2016;5;6;13;13;13
2016;5;7;14,5;14;15
2016;5;8;14,5;14;15
2016;5;9;12,6666666666667;12;13
2016;5;10;14;14;14
2016;5;11;15;15;15
2016;5;12;13,3333333333333;13;14
2016;5;13;14;14;14
2016;5;14;13,6666666666667;13;14
2016;5;15;13,1666666666667;12;14
2016;5;16;13;13;13
2016;5;17;14,5;14;15
2016;5;18;14,5;14;15
2016;5;19;12,6666666666667;12;13
2016;5;20;14;14;14
2016;5;21;15;15;15
2016;5;22;13,3333333333333;13;14
2016;5;23;14;14;14
2016;5;24;13,6666666666667;13;14
2016;5;25;13,1666666666667;12;14
2016;5;26;15;15;15
2016;5;27;16;16;16
2016;5;28;14,3333333333333;14;15
2016;5;29;16;16;16
2016;5;30;15,3333333333333;15;16
2016;5;31;15,1666666666667;14;16
2016;5;32;15;15;15
2016;5;33;15;15;15
2016;5;34;15;15;15
2016;5;35;14;14;14
2016;5;36;13;13;13
2016;5;37;14,75;14;15
2016;5;38;14,5;14;15
2016;5;39;12,8333333333333;12;13
2016;5;40;14;14;14
2016;5;41;15;15;15
2016;5;42;13,3333333333333;13;14
2016;5;43;14;14;14
2016;5;44;13,8333333333333;13;14
2016;5;45;13,1666666666667;12;14
2016;5;46;15;15;15
2016;5;47;16;16;16
2016;5;48;14,3333333333333;14;15
2016;5;49;16;16;16
2016;5;50;15,6666666666667;15;16
2016;5;51;15,1666666666667;14;16
2016;5;52;15;15;15
2016;5;53;15;15;15
2016;5;54;15;15;15
2016;5;55;14;14;14
2016;5;56;15;15;15
2016;5;57;16;16;16
2016;5;58;14,3333333333333;14;15
2016;5;59;16;16;16
2016;5;60;15,6666666666667;15;16
2016;5;61;15,1666666666667;14;16
2016;5;62;15;15;15
2016;5;63;15;15;15
2016;5;64;15;15;15
2016;5;65;14;14;14
2016;5;66;16;16;16
2016;5;67;16;16;16
2016;5;68;16;16;16
2016;5;69;16;16;16
2016;5;70;15;15;15
2016;5;71;13;13;13
2016;5;72;14,75;14;15
2016;5;73;14,5;14;15
2016;5;74;12,8333333333333;12;13
2016;5;75;14;14;14
2016;5;76;15;15;15
2016;5;77;13,3333333333333;13;14
2016;5;78;14;14;14
2016;5;79;13,8333333333333;13;14
2016;5;80;13,1666666666667;12;14
2016;5;81;15;15;15
2016;5;82;16;16;16
2016;5;83;14,3333333333333;14;15
2016;5;84;16;16;16
2016;5;85;15,6666666666667;15;16
2016;5;86;15,1666666666667;14;16
2016;5;87;15;15;15
2016;5;88;15;15;15
2016;5;89;15;15;15
2016;5;90;14;14;14
2016;5;91;14;14;14
2016;5;92;15;15;15
2016;5;93;13,3333333333333;13;14
2016;5;94;15;15;15
2016;5;95;14,6666666666667;14;15
2016;5;96;14,1666666666667;13;15
2016;5;97;14;14;14
2016;5;98;14;14;14
2016;5;99;14;14;14
2016;5;100;13;13;13
2016;5;101;15;15;15
2016;5;102;15;15;15
2016;5;103;15;15;15
2016;5;104;15;15;15
2016;5;105;14;14;14
2016;5;106;15;15;15
2016;5;107;16;16;16
2016;5;108;14,3333333333333;14;15
2016;5;109;16;16;16
2016;5;110;15,8333333333333;15;16
2016;5;111;15,1666666666667;14;16
2016;5;112;14,75;14;15
2016;5;113;14,9166666666667;14;15
2016;5;114;14,9166666666667;14;15
2016;5;115;13,9166666666667;13;14
2016;5;116;16;16;16
2016;5;117;16;16;16
2016;5;118;16;16;16
2016;5;119;16;16;16
2016;5;120;14,8333333333333;14;15
2016;5;121;15;15;15
2016;5;122;15;15;15
2016;5;123;15;15;15
2016;5;124;15;15;15
2016;5;125;13,8333333333333;13;14
2016;5;126;15;15;15
2016;6;1;13;13;13
2016;6;2;14,75;14;15
2016;6;3;14,5;14;15
2016;6;4;12,8333333333333;12;13
2016;6;5;14;14;14
2016;6;6;15;15;15
2016;6;7;13,3333333333333;13;14
2016;6;8;14;14;14
2016;6;9;13,8333333333333;13;14
2016;6;10;13,1666666666667;12;14
2016;6;11;15;15;15
2016;6;12;16;16;16
2016;6;13;14,3333333333333;14;15
2016;6;14;16;16;16
2016;6;15;15,6666666666667;15;16
2016;6;16;15,1666666666667;14;16
2016;6;17;15;15;15
2016;6;18;15;15;15
2016;6;19;15;15;15
2016;6;20;14;14;14
2016;6;21;15;15;15
2016;6;22;16;16;16
2016;6;23;14,3333333333333;14;15
2016;6;24;16;16;16
2016;6;25;15,6666666666667;15;16
2016;6;26;15,1666666666667;14;16
2016;6;27;15;15;15
2016;6;28;15;15;15
2016;6;29;15;15;15
2016;6;30;14;14;14
2016;6;31;16;16;16
2016;6;32;16;16;16
2016;6;33;16;16;16
2016;6;34;16;16;16
2016;6;35;15;15;15
2016;6;36;15;15;15
2016;6;37;16;16;16
2016;6;38;14,3333333333333;14;15
2016;6;39;16;16;16
2016;6;40;15,8333333333333;15;16
2016;6;41;15,1666666666667;14;16
2016;6;42;15;15;15
2016;6;43;15;15;15
2016;6;44;15;15;15
2016;6;45;14;14;14
2016;6;46;16;16;16
2016;6;47;16;16;16
2016;6;48;16;16;16
2016;6;49;16;16;16
2016;6;50;15;15;15
2016;6;51;16;16;16
2016;6;52;16;16;16
2016;6;53;16;16;16
2016;6;54;16;16;16
2016;6;55;15;15;15
2016;6;56;16;16;16
2016;6;57;15;15;15
2016;6;58;16;16;16
2016;6;59;14,3333333333333;14;15
2016;6;60;16;16;16
2016;6;61;15,8333333333333;15;16
2016;6;62;15,1666666666667;14;16
2016;6;63;15;15;15
2016;6;64;15;15;15
2016;6;65;15;15;15
2016;6;66;14;14;14
2016;6;67;16;16;16
2016;6;68;16;16;16
2016;6;69;16;16;16
2016;6;70;16;16;16
2016;6;71;15;15;15
2016;6;72;15;15;15
2016;6;73;15;15;15
2016;6;74;15;15;15
2016;6;75;15;15;15
2016;6;76;14;14;14
2016;6;77;15;15;15
2016;6;78;16;16;16
2016;6;79;16;16;16
2016;6;80;16;16;16
2016;6;81;16;16;16
2016;6;82;14,9166666666667;14;15
2016;6;83;16;16;16
2016;6;84;15;15;15
2016;7;1;15;15;15
2016;7;2;16;16;16
2016;7;3;14,3333333333333;14;15
2016;7;4;16;16;16
2016;7;5;15,8333333333333;15;16
2016;7;6;15,1666666666667;14;16
2016;7;7;15;15;15
2016;7;8;15;15;15
2016;7;9;15;15;15
2016;7;10;14;14;14
2016;7;11;16;16;16
2016;7;12;16;16;16
2016;7;13;16;16;16
2016;7;14;16;16;16
2016;7;15;15;15;15
2016;7;16;16;16;16
2016;7;17;16;16;16
2016;7;18;16;16;16
2016;7;19;16;16;16
2016;7;20;15;15;15
2016;7;21;16;16;16
2016;7;22;16;16;16
2016;7;23;16;16;16
2016;7;24;16;16;16
2016;7;25;16;16;16
2016;7;26;15;15;15
2016;7;27;16;16;16
2016;7;28;16;16;16
2016;7;29;16;16;16
2016;7;30;16;16;16
2016;7;31;16;16;16
2016;7;32;16;16;16
2016;7;33;15;15;15
2016;7;34;16;16;16
2016;7;35;15;15;15
2016;7;36;16;16;16
2016;8;1;16;16;16
2016;8;2;16;16;16
2016;8;3;16;16;16
2016;8;4;16;16;16
2016;8;5;15;15;15
2016;8;6;16;16;16
2016;8;7;16;16;16
2016;8;8;16;16;16
2016;8;9;16;16;16
2016;9;1;16;16;16
2017;1;1;6;6;6
2017;1;2;7;7;7
2017;1;3;9;9;9
2017;1;4;5;5;5
2017;1;5;7;7;7
2017;1;6;5;5;5
2017;1;8;2;2;2
2017;2;1;10;9;11
2017;2;2;12;12;12
2017;2;3;10;10;10
2017;2;4;10;10;10
2017;2;5;8;8;8
2017;2;6;6;6;6
2017;2;7;8;8;8
2017;2;8;6;6;6
2017;2;9;13;13;13
2017;2;10;10;10;10
2017;2;11;11;11;11
2017;2;12;10;10;10
2017;2;13;7;7;7
2017;2;14;7;7;7
2017;2;15;7;7;7
2017;2;16;12;12;12
2017;2;17;12;12;12
2017;2;18;12;12;12
2017;2;19;9;9;9
2017;2;20;10;10;10
2017;2;21;9;9;9
2017;2;22;10;10;10
2017;2;23;8;8;8
2017;2;24;5;5;5
2017;2;25;6;6;6
2017;2;26;5;5;5
2017;2;27;9;9;9
2017;2;28;7;7;7
2017;2;29;9;9;9
2017;2;30;7;7;7
2017;2;31;5;5;5
2017;2;32;7;7;7
2017;2;33;5;5;5
2017;2;34;2;2;2
2017;2;36;2;2;2
2017;3;1;13,5;13;14
2017;3;2;12,5;12;13
2017;3;3;13,5;13;14
2017;3;4;12;11;13
2017;3;5;10;9;11
2017;3;6;10;9;11
2017;3;7;10;9;11
2017;3;8;15;15;15
2017;3;9;13;13;13
2017;3;10;13;13;13
2017;3;11;12;12;12
2017;3;12;13;13;13
2017;3;13;12;12;12
2017;3;14;13;13;13
2017;3;15;10;10;10
2017;3;16;10;10;10
2017;3;17;11;11;11
2017;3;18;10;10;10
2017;3;19;11;11;11
2017;3;20;10;10;10
2017;3;21;12;12;12
2017;3;22;10;10;10
2017;3;23;8;8;8
2017;3;24;10;10;10
2017;3;25;8;8;8
2017;3;26;8;8;8
2017;3;27;6;6;6
2017;3;28;8;8;8
2017;3;29;14,5;14;15
2017;3;30;14;14;14
2017;3;31;14;14;14
2017;3;32;13;13;13
2017;3;33;13;13;13
2017;3;34;13;13;13
2017;3;35;12,5;12;13
2017;3;36;11;11;11
2017;3;37;10;10;10
2017;3;38;10;10;10
2017;3;39;10;10;10
2017;3;40;13;13;13
2017;3;41;11;11;11
2017;3;42;11;11;11
2017;3;43;11;11;11
2017;3;44;10;10;10
2017;3;45;10;10;10
2017;3;46;10;10;10
2017;3;47;7;7;7
2017;3;48;7;7;7
2017;3;49;7;7;7
2017;3;50;15;15;15
2017;3;51;14;14;14
2017;3;52;12;12;12
2017;3;53;12;12;12
2017;3;54;12;12;12
2017;3;55;13;13;13
2017;3;56;12;12;12
2017;3;57;13;13;13
2017;3;58;12;12;12
2017;3;59;12;12;12
2017;3;60;13;13;13
2017;3;61;12;12;12
2017;3;62;10;10;10
2017;3;63;9;9;9
2017;3;64;10;10;10
2017;3;65;11;11;11
2017;3;66;10;10;10
2017;3;67;11;11;11
2017;3;68;10;10;10
2017;3;69;8;8;8
2017;3;70;9;9;9
2017;3;71;8;8;8
2017;3;72;6;6;6
2017;3;73;5;5;5
2017;3;74;6;6;6
2017;3;75;9;9;9
2017;3;76;11;11;11
2017;3;77;9;9;9
2017;3;78;9;9;9
2017;3;79;7;7;7
2017;3;80;9;9;9
2017;3;81;7;7;7
2017;3;82;5;5;5
2017;3;83;7;7;7
2017;3;84;2;2;2
2017;4;1;15;15;15
2017;4;2;14,5;14;15
2017;4;3;14,5;14;15
2017;4;4;13,5;13;14
2017;4;5;13,5;13;14
2017;4;6;13,5;13;14
2017;4;7;15;15;15
2017;4;8;12,5;12;13
2017;4;9;12,5;12;13
2017;4;10;12,5;12;13
2017;4;11;12,5;12;13
2017;4;12;14,5;14;15
2017;4;13;13,5;13;14
2017;4;14;13,5;13;14
2017;4;15;13,5;13;14
2017;4;16;12;11;13
2017;4;17;12;11;13
2017;4;18;12;11;13
2017;4;19;10;9;11
2017;4;20;10;9;11
2017;4;21;10;9;11
2017;4;22;16;16;16
2017;4;23;15;15;15
2017;4;24;15;15;15
2017;4;25;15;15;15
2017;4;26;15;15;15
2017;4;27;14;14;14
2017;4;28;13;13;13
2017;4;29;14;14;14
2017;4;30;13;13;13
2017;4;31;13;13;13
2017;4;32;14;14;14
2017;4;33;13;13;13
2017;4;34;13;13;13
2017;4;35;12;12;12
2017;4;36;13;13;13
2017;4;37;13;13;13
2017;4;38;13;13;13
2017;4;39;14;14;14
2017;4;40;13;13;13
2017;4;41;10;10;10
2017;4;42;11;11;11
2017;4;43;10;10;10
2017;4;44;11;11;11
2017;4;45;10;10;10
2017;4;46;11;11;11
2017;4;47;11;11;11
2017;4;48;13;13;13
2017;4;49;11;11;11
2017;4;50;12;12;12
2017;4;51;10;10;10
2017;4;52;12;12;12
2017;4;53;10;10;10
2017;4;54;8;8;8
2017;4;55;10;10;10
2017;4;56;8;8;8
2017;4;57;15,5;15;16
2017;4;58;14,5;14;15
2017;4;59;14,5;14;15
2017;4;60;14,5;14;15
2017;4;61;14,5;14;15
2017;4;62;15;15;15
2017;4;63;14;14;14
2017;4;64;14;14;14
2017;4;65;14;14;14
2017;4;66;14;14;14
2017;4;67;14;14;14
2017;4;68;14;14;14
2017;4;69;13;13;13
2017;4;70;13;13;13
2017;4;71;13;13;13
2017;4;72;13,5;13;14
2017;4;73;12,5;12;13
2017;4;74;12,5;12;13
2017;4;75;12,5;12;13
2017;4;76;11;11;11
2017;4;77;11;11;11
2017;4;78;11;11;11
2017;4;79;10;10;10
2017;4;80;10;10;10
2017;4;81;10;10;10
2017;4;82;13;13;13
2017;4;83;13;13;13
2017;4;84;13;13;13
2017;4;85;11;11;11
2017;4;86;11;11;11
2017;4;87;11;11;11
2017;4;88;10;10;10
2017;4;89;10;10;10
2017;4;90;10;10;10
2017;4;91;7;7;7
2017;4;92;15;15;15
2017;4;93;15;15;15
2017;4;94;15;15;15
2017;4;95;15;15;15
2017;4;96;14;14;14
2017;4;97;14;14;14
2017;4;98;14;14;14
2017;4;99;12;12;12
2017;4;100;12;12;12
2017;4;101;12;12;12
2017;4;102;13;13;13
2017;4;103;14;14;14
2017;4;104;13;13;13
2017;4;105;13;13;13
2017;4;106;12;12;12
2017;4;107;13;13;13
2017;4;108;13;13;13
2017;4;109;12;12;12
2017;4;110;13;13;13
2017;4;111;10;10;10
2017;4;112;11;11;11
2017;4;113;12;12;12
2017;4;114;11;11;11
2017;4;115;11;11;11
2017;4;116;10;10;10
2017;4;117;11;11;11
2017;4;118;9;9;9
2017;4;119;8;8;8
2017;4;120;9;9;9
2017;4;121;6;6;6
2017;4;122;11;11;11
2017;4;123;9;9;9
2017;4;124;11;11;11
2017;4;125;9;9;9
2017;4;126;7;7;7
2017;5;1;16;16;16
2017;5;2;15;15;15
2017;5;3;15;15;15
2017;5;4;15;15;15
2017;5;5;15;15;15
2017;5;6;15,5;15;16
2017;5;7;14,5;14;15
2017;5;8;14,5;14;15
2017;5;9;14,5;14;15
2017;5;10;14,5;14;15
2017;5;11;14,5;14;15
2017;5;12;14,5;14;15
2017;5;13;13,5;13;14
2017;5;14;13,5;13;14
2017;5;15;13,5;13;14
2017;5;16;15;15;15
2017;5;17;15;15;15
2017;5;18;15;15;15
2017;5;19;15;15;15
2017;5;20;12,5;12;13
2017;5;21;12,5;12;13
2017;5;22;12,5;12;13
2017;5;23;12,5;12;13
2017;5;24;12,5;12;13
2017;5;25;12,5;12;13
2017;5;26;14,5;14;15
2017;5;27;14,5;14;15
2017;5;28;14,5;14;15
2017;5;29;13,5;13;14
2017;5;30;13,5;13;14
2017;5;31;13,5;13;14
2017;5;32;12;11;13
2017;5;33;12;11;13
2017;5;34;12;11;13
2017;5;35;10;9;11
2017;5;36;16;16;16
2017;5;37;16;16;16
2017;5;38;16;16;16
2017;5;39;16;16;16
2017;5;40;15;15;15
2017;5;41;15;15;15
2017;5;42;15;15;15
2017;5;43;15;15;15
2017;5;44;15;15;15
2017;5;45;15;15;15
2017;5;46;14;14;14
2017;5;47;15;15;15
2017;5;48;14;14;14
2017;5;49;14;14;14
2017;5;50;13;13;13
2017;5;51;14;14;14
2017;5;52;14;14;14
2017;5;53;13;13;13
2017;5;54;14;14;14
2017;5;55;13;13;13
2017;5;56;13;13;13
2017;5;57;14;14;14
2017;5;58;13;13;13
2017;5;59;14;14;14
2017;5;60;13;13;13
2017;5;61;14;14;14
2017;5;62;11;11;11
2017;5;63;10;10;10
2017;5;64;11;11;11
2017;5;65;11;11;11
2017;5;66;13;13;13
2017;5;67;11;11;11
2017;5;68;13;13;13
2017;5;69;12;12;12
2017;5;70;10;10;10
2017;5;71;15,5;15;16
2017;5;72;15,5;15;16
2017;5;73;15,5;15;16
2017;5;74;15,5;15;16
2017;5;75;14,5;14;15
2017;5;76;14,5;14;15
2017;5;77;14,5;14;15
2017;5;78;14,5;14;15
2017;5;79;14,5;14;15
2017;5;80;14,5;14;15
2017;5;81;15;15;15
2017;5;82;15;15;15
2017;5;83;15;15;15
2017;5;84;14;14;14
2017;5;85;14;14;14
2017;5;86;14;14;14
2017;5;87;14;14;14
2017;5;88;14;14;14
2017;5;89;14;14;14
2017;5;90;13;13;13
2017;5;91;13,5;13;14
2017;5;92;13,5;13;14
2017;5;93;13,5;13;14
2017;5;94;12,5;12;13
2017;5;95;12,5;12;13
2017;5;96;12,5;12;13
2017;5;97;11;11;11
2017;5;98;11;11;11
2017;5;99;11;11;11
2017;5;100;10;10;10
2017;5;101;13;13;13
2017;5;102;13;13;13
2017;5;103;13;13;13
2017;5;104;11;11;11
2017;5;105;10;10;10
2017;5;106;15;15;15
2017;5;107;15;15;15
2017;5;108;15;15;15
2017;5;109;15;15;15
2017;5;110;15;15;15
2017;5;111;15;15;15
2017;5;112;14;14;14
2017;5;113;14;14;14
2017;5;114;14;14;14
2017;5;115;12;12;12
2017;5;116;14;14;14
2017;5;117;13;13;13
2017;5;118;14;14;14
2017;5;119;13;13;13
2017;5;120;13;13;13
2017;5;121;12;12;12
2017;5;122;11;11;11
2017;5;123;12;12;12
2017;5;124;11;11;11
2017;5;125;9;9;9
2017;5;126;11;11;11
2017;6;1;16;16;16
2017;6;2;16;16;16
2017;6;3;16;16;16
2017;6;4;16;16;16
2017;6;5;15;15;15
2017;6;6;15;15;15
2017;6;7;15;15;15
2017;6;8;15;15;15
2017;6;9;15;15;15
2017;6;10;15;15;15
2017;6;11;15,5;15;16
2017;6;12;15,5;15;16
2017;6;13;15,5;15;16
2017;6;14;14,5;14;15
2017;6;15;14,5;14;15
2017;6;16;14,5;14;15
2017;6;17;14,5;14;15
2017;6;18;14,5;14;15
2017;6;19;14,5;14;15
2017;6;20;13,5;13;14
2017;6;21;15;15;15
2017;6;22;15;15;15
2017;6;23;15;15;15
2017;6;24;15;15;15
2017;6;25;15;15;15
2017;6;26;15;15;15
2017;6;27;12,5;12;13
2017;6;28;12,5;12;13
2017;6;29;12,5;12;13
2017;6;30;12,5;12;13
2017;6;31;14,5;14;15
2017;6;32;14,5;14;15
2017;6;33;14,5;14;15
2017;6;34;13,5;13;14
2017;6;35;12;11;13
2017;6;36;16;16;16
2017;6;37;16;16;16
2017;6;38;16;16;16
2017;6;39;16;16;16
2017;6;40;16;16;16
2017;6;41;16;16;16
2017;6;42;15;15;15
2017;6;43;15;15;15
2017;6;44;15;15;15
2017;6;45;15;15;15
2017;6;46;15;15;15
2017;6;47;14;14;14
2017;6;48;15;15;15
2017;6;49;14;14;14
2017;6;50;14;14;14
2017;6;51;14;14;14
2017;6;52;13;13;13
2017;6;53;14;14;14
2017;6;54;14;14;14
2017;6;55;11;11;11
2017;6;56;13;13;13
2017;6;57;15,5;15;16
2017;6;58;15,5;15;16
2017;6;59;15,5;15;16
2017;6;60;15,5;15;16
2017;6;61;15,5;15;16
2017;6;62;15,5;15;16
2017;6;63;14,5;14;15
2017;6;64;14,5;14;15
2017;6;65;14,5;14;15
2017;6;66;14,5;14;15
2017;6;67;15;15;15
2017;6;68;15;15;15
2017;6;69;15;15;15
2017;6;70;14;14;14
2017;6;71;14;14;14
2017;6;72;13,5;13;14
2017;6;73;13,5;13;14
2017;6;74;13,5;13;14
2017;6;75;12,5;12;13
2017;6;76;11;11;11
2017;6;77;13;13;13
2017;6;78;15;15;15
2017;6;79;15;15;15
2017;6;80;15;15;15
2017;6;81;15;15;15
2017;6;82;14;14;14
2017;6;83;14;14;14
2017;6;84;12;12;12
2017;7;1;16;16;16
2017;7;2;16;16;16
2017;7;3;16;16;16
2017;7;4;16;16;16
2017;7;5;16;16;16
2017;7;6;16;16;16
2017;7;7;15;15;15
2017;7;8;15;15;15
2017;7;9;15;15;15
2017;7;10;15;15;15
2017;7;11;15,5;15;16
2017;7;12;15,5;15;16
2017;7;13;15,5;15;16
2017;7;14;14,5;14;15
2017;7;15;14,5;14;15
2017;7;16;15;15;15
2017;7;17;15;15;15
2017;7;18;15;15;15
2017;7;19;15;15;15
2017;7;20;12,5;12;13
2017;7;21;14,5;14;15
2017;7;22;16;16;16
2017;7;23;16;16;16
2017;7;24;16;16;16
2017;7;25;16;16;16
2017;7;26;15;15;15
2017;7;27;15;15;15
2017;7;28;14;14;14
2017;7;29;15,5;15;16
2017;7;30;15,5;15;16
2017;7;31;15,5;15;16
2017;7;32;15,5;15;16
2017;7;33;14,5;14;15
2017;7;34;15;15;15
2017;7;35;13,5;13;14
2017;7;36;15;15;15
2017;8;1;16;16;16
2017;8;2;16;16;16
2017;8;3;16;16;16
2017;8;4;16;16;16
2017;8;5;15;15;15
2017;8;6;15,5;15;16
2017;8;7;15;15;15
2017;8;8;16;16;16
2017;8;9;15,5;15;16
2017;9;1;16;16;16
2018;1;1;4;4;4
2018;1;2;4;4;4
2018;1;3;5;5;5
2018;1;4;3;3;3
2018;2;1;5;5;5
2018;2;2;7;7;7
2018;2;3;5;5;5
2018;2;4;4;4;4
2018;2;5;4;4;4
2018;2;6;4;4;4
2018;2;7;4;4;4
2018;2;8;4;4;4
2018;2;9;6,5;6;7
2018;2;10;4,5;4;5
2018;2;11;4;4;4
2018;2;12;4;4;4
2018;2;13;4;4;4
2018;2;14;4;4;4
2018;2;15;4;4;4
2018;2;16;6;6;6
2018;2;17;5;5;5
2018;2;18;5;5;5
2018;2;19;5;5;5
2018;2;20;5;5;5
2018;2;21;5;5;5
2018;2;22;3;3;3
2018;2;23;3;3;3
2018;2;24;3;3;3
2018;2;25;3;3;3
2018;2;26;3;3;3
2018;3;1;7;7;7
2018;3;2;5;5;5
2018;3;3;5;5;5
2018;3;4;5;5;5
2018;3;5;5;5;5
2018;3;6;5;5;5
2018;3;7;5;5;5
2018;3;8;7;7;7
2018;3;9;7;7;7
2018;3;10;7;7;7
2018;3;11;7;7;7
2018;3;12;7;7;7
2018;3;13;7;7;7
2018;3;14;5;5;5
2018;3;15;5;5;5
2018;3;16;5;5;5
2018;3;17;5;5;5
2018;3;18;5;5;5
2018;3;19;4;4;4
2018;3;20;4;4;4
2018;3;21;4;4;4
2018;3;22;4;4;4
2018;3;23;4;4;4
2018;3;24;4;4;4
2018;3;25;4;4;4
2018;3;26;4;4;4
2018;3;27;4;4;4
2018;3;28;4;4;4
2018;3;29;7;7;7
2018;3;30;6,5;6;7
2018;3;31;6,5;6;7
2018;3;32;6,5;6;7
2018;3;33;6,5;6;7
2018;3;34;6,5;6;7
2018;3;35;4,5;4;5
2018;3;36;4,5;4;5
2018;3;37;4,5;4;5
2018;3;38;4,5;4;5
2018;3;39;4,5;4;5
2018;3;40;4;4;4
2018;3;41;4;4;4
2018;3;42;4;4;4
2018;3;43;4;4;4
2018;3;44;4;4;4
2018;3;45;4;4;4
2018;3;46;4;4;4
2018;3;47;4;4;4
2018;3;48;4;4;4
2018;3;49;4;4;4
2018;3;50;6;6;6
2018;3;51;6;6;6
2018;3;52;6;6;6
2018;3;53;6;6;6
2018;3;54;6;6;6
2018;3;55;5;5;5
2018;3;56;5;5;5
2018;3;57;5;5;5
2018;3;58;5;5;5
2018;3;59;5;5;5
2018;3;60;5;5;5
2018;3;61;5;5;5
2018;3;62;5;5;5
2018;3;63;5;5;5
2018;3;64;5;5;5
2018;3;65;3;3;3
2018;3;66;3;3;3
2018;3;67;3;3;3
2018;3;68;3;3;3
2018;3;69;3;3;3
2018;3;70;3;3;3
2018;3;71;3;3;3
2018;3;72;3;3;3
2018;3;73;3;3;3
2018;3;74;3;3;3
2018;4;1;7;7;7
2018;4;2;7;7;7
2018;4;3;7;7;7
2018;4;4;7;7;7
2018;4;5;7;7;7
2018;4;6;7;7;7
2018;4;7;5;5;5
2018;4;8;5;5;5
2018;4;9;5;5;5
2018;4;10;5;5;5
2018;4;11;5;5;5
2018;4;12;5;5;5
2018;4;13;5;5;5
2018;4;14;5;5;5
2018;4;15;5;5;5
2018;4;16;5;5;5
2018;4;17;5;5;5
2018;4;18;5;5;5
2018;4;19;5;5;5
2018;4;20;5;5;5
2018;4;21;5;5;5
2018;4;22;7;7;7
2018;4;23;7;7;7
2018;4;24;7;7;7
2018;4;25;7;7;7
2018;4;26;7;7;7
2018;4;27;7;7;7
2018;4;28;7;7;7
2018;4;29;7;7;7
2018;4;30;7;7;7
2018;4;31;7;7;7
2018;4;32;7;7;7
2018;4;33;7;7;7
2018;4;34;7;7;7
2018;4;35;7;7;7
2018;4;36;7;7;7
2018;4;37;5;5;5
2018;4;38;5;5;5
2018;4;39;5;5;5
2018;4;40;5;5;5
2018;4;41;5;5;5
2018;4;42;5;5;5
2018;4;43;5;5;5
2018;4;44;5;5;5
2018;4;45;5;5;5
2018;4;46;5;5;5
2018;4;47;4;4;4
2018;4;48;4;4;4
2018;4;49;4;4;4
2018;4;50;4;4;4
2018;4;51;4;4;4
2018;4;52;4;4;4
2018;4;53;4;4;4
2018;4;54;4;4;4
2018;4;55;4;4;4
2018;4;56;4;4;4
2018;4;57;7;7;7
2018;4;58;7;7;7
2018;4;59;7;7;7
2018;4;60;7;7;7
2018;4;61;7;7;7
2018;4;62;6,5;6;7
2018;4;63;6,5;6;7
2018;4;64;6,5;6;7
2018;4;65;6,5;6;7
2018;4;66;6,5;6;7
2018;4;67;6,5;6;7
2018;4;68;6,5;6;7
2018;4;69;6,5;6;7
2018;4;70;6,5;6;7
2018;4;71;6,5;6;7
2018;4;72;4,5;4;5
2018;4;73;4,5;4;5
2018;4;74;4,5;4;5
2018;4;75;4,5;4;5
2018;4;76;4,5;4;5
2018;4;77;4,5;4;5
2018;4;78;4,5;4;5
2018;4;79;4,5;4;5
2018;4;80;4,5;4;5
2018;4;81;4,5;4;5
2018;4;82;4;4;4
2018;4;83;4;4;4
2018;4;84;4;4;4
2018;4;85;4;4;4
2018;4;86;4;4;4
2018;4;87;4;4;4
2018;4;88;4;4;4
2018;4;89;4;4;4
2018;4;90;4;4;4
2018;4;91;4;4;4
2018;4;92;6;6;6
2018;4;93;6;6;6
2018;4;94;6;6;6
2018;4;95;6;6;6
2018;4;96;6;6;6
2018;4;97;6;6;6
2018;4;98;6;6;6
2018;4;99;6;6;6
2018;4;100;6;6;6
2018;4;101;6;6;6
2018;4;102;5;5;5
2018;4;103;5;5;5
2018;4;104;5;5;5
2018;4;105;5;5;5
2018;4;106;5;5;5
2018;4;107;5;5;5
2018;4;108;5;5;5
2018;4;109;5;5;5
2018;4;110;5;5;5
2018;4;111;5;5;5
2018;4;112;3;3;3
2018;4;113;3;3;3
2018;4;114;3;3;3
2018;4;115;3;3;3
2018;4;116;3;3;3
2018;4;117;3;3;3
2018;4;118;3;3;3
2018;4;119;3;3;3
2018;4;120;3;3;3
2018;4;121;3;3;3
2018;5;1;7;7;7
2018;5;2;7;7;7
2018;5;3;7;7;7
2018;5;4;7;7;7
2018;5;5;7;7;7
2018;5;6;7;7;7
2018;5;7;7;7;7
2018;5;8;7;7;7
2018;5;9;7;7;7
2018;5;10;7;7;7
2018;5;11;7;7;7
2018;5;12;7;7;7
2018;5;13;7;7;7
2018;5;14;7;7;7
2018;5;15;7;7;7
2018;5;16;5;5;5
2018;5;17;5;5;5
2018;5;18;5;5;5
2018;5;19;5;5;5
2018;5;20;5;5;5
2018;5;21;5;5;5
2018;5;22;5;5;5
2018;5;23;5;5;5
2018;5;24;5;5;5
2018;5;25;5;5;5
2018;5;26;5;5;5
2018;5;27;5;5;5
2018;5;28;5;5;5
2018;5;29;5;5;5
2018;5;30;5;5;5
2018;5;31;5;5;5
2018;5;32;5;5;5
2018;5;33;5;5;5
2018;5;34;5;5;5
2018;5;35;5;5;5
2018;5;36;7;7;7
2018;5;37;7;7;7
2018;5;38;7;7;7
2018;5;39;7;7;7
2018;5;40;7;7;7
2018;5;41;7;7;7
2018;5;42;7;7;7
2018;5;43;7;7;7
2018;5;44;7;7;7
2018;5;45;7;7;7
2018;5;46;7;7;7
2018;5;47;7;7;7
2018;5;48;7;7;7
2018;5;49;7;7;7
2018;5;50;7;7;7
2018;5;51;7;7;7
2018;5;52;7;7;7
2018;5;53;7;7;7
2018;5;54;7;7;7
2018;5;55;7;7;7
2018;5;56;5;5;5
2018;5;57;5;5;5
2018;5;58;5;5;5
2018;5;59;5;5;5
2018;5;60;5;5;5
2018;5;61;5;5;5
2018;5;62;5;5;5
2018;5;63;5;5;5
2018;5;64;5;5;5
2018;5;65;5;5;5
2018;5;66;4;4;4
2018;5;67;4;4;4
2018;5;68;4;4;4
2018;5;69;4;4;4
2018;5;70;4;4;4
2018;5;71;7;7;7
2018;5;72;7;7;7
2018;5;73;7;7;7
2018;5;74;7;7;7
2018;5;75;7;7;7
2018;5;76;7;7;7
2018;5;77;7;7;7
2018;5;78;7;7;7
2018;5;79;7;7;7
2018;5;80;7;7;7
2018;5;81;6,5;6;7
2018;5;82;6,5;6;7
2018;5;83;6,5;6;7
2018;5;84;6,5;6;7
2018;5;85;6,5;6;7
2018;5;86;6,5;6;7
2018;5;87;6,5;6;7
2018;5;88;6,5;6;7
2018;5;89;6,5;6;7
2018;5;90;6,5;6;7
2018;5;91;4,5;4;5
2018;5;92;4,5;4;5
2018;5;93;4,5;4;5
2018;5;94;4,5;4;5
2018;5;95;4,5;4;5
2018;5;96;4,5;4;5
2018;5;97;4,5;4;5
2018;5;98;4,5;4;5
2018;5;99;4,5;4;5
2018;5;100;4,5;4;5
2018;5;101;4;4;4
2018;5;102;4;4;4
2018;5;103;4;4;4
2018;5;104;4;4;4
2018;5;105;4;4;4
2018;5;106;6;6;6
2018;5;107;6;6;6
2018;5;108;6;6;6
2018;5;109;6;6;6
2018;5;110;6;6;6
2018;5;111;6;6;6
2018;5;112;6;6;6
2018;5;113;6;6;6
2018;5;114;6;6;6
2018;5;115;6;6;6
2018;5;116;5;5;5
2018;5;117;5;5;5
2018;5;118;5;5;5
2018;5;119;5;5;5
2018;5;120;5;5;5
2018;5;121;3;3;3
2018;5;122;3;3;3
2018;5;123;3;3;3
2018;5;124;3;3;3
2018;5;125;3;3;3
2018;6;1;7;7;7
2018;6;2;7;7;7
2018;6;3;7;7;7
2018;6;4;7;7;7
2018;6;5;7;7;7
2018;6;6;7;7;7
2018;6;7;7;7;7
2018;6;8;7;7;7
2018;6;9;7;7;7
2018;6;10;7;7;7
2018;6;11;7;7;7
2018;6;12;7;7;7
2018;6;13;7;7;7
2018;6;14;7;7;7
2018;6;15;7;7;7
2018;6;16;7;7;7
2018;6;17;7;7;7
2018;6;18;7;7;7
2018;6;19;7;7;7
2018;6;20;7;7;7
2018;6;21;5;5;5
2018;6;22;5;5;5
2018;6;23;5;5;5
2018;6;24;5;5;5
2018;6;25;5;5;5
2018;6;26;5;5;5
2018;6;27;5;5;5
2018;6;28;5;5;5
2018;6;29;5;5;5
2018;6;30;5;5;5
2018;6;31;5;5;5
2018;6;32;5;5;5
2018;6;33;5;5;5
2018;6;34;5;5;5
2018;6;35;5;5;5
2018;6;36;7;7;7
2018;6;37;7;7;7
2018;6;38;7;7;7
2018;6;39;7;7;7
2018;6;40;7;7;7
2018;6;41;7;7;7
2018;6;42;7;7;7
2018;6;43;7;7;7
2018;6;44;7;7;7
2018;6;45;7;7;7
2018;6;46;7;7;7
2018;6;47;7;7;7
2018;6;48;7;7;7
2018;6;49;7;7;7
2018;6;50;7;7;7
2018;6;51;5;5;5
2018;6;52;5;5;5
2018;6;53;5;5;5
2018;6;54;5;5;5
2018;6;55;5;5;5
2018;6;56;4;4;4
2018;6;57;7;7;7
2018;6;58;7;7;7
2018;6;59;7;7;7
2018;6;60;7;7;7
2018;6;61;7;7;7
2018;6;62;7;7;7
2018;6;63;7;7;7
2018;6;64;7;7;7
2018;6;65;7;7;7
2018;6;66;7;7;7
2018;6;67;6,5;6;7
2018;6;68;6,5;6;7
2018;6;69;6,5;6;7
2018;6;70;6,5;6;7
2018;6;71;6,5;6;7
2018;6;72;4,5;4;5
2018;6;73;4,5;4;5
2018;6;74;4,5;4;5
2018;6;75;4,5;4;5
2018;6;76;4,5;4;5
2018;6;77;4;4;4
2018;6;78;6;6;6
2018;6;79;6;6;6
2018;6;80;6;6;6
2018;6;81;6;6;6
2018;6;82;6;6;6
2018;6;83;5;5;5
2018;6;84;3;3;3
2018;7;1;7;7;7
2018;7;2;7;7;7
2018;7;3;7;7;7
2018;7;4;7;7;7
2018;7;5;7;7;7
2018;7;6;7;7;7
2018;7;7;7;7;7
2018;7;8;7;7;7
2018;7;9;7;7;7
2018;7;10;7;7;7
2018;7;11;7;7;7
2018;7;12;7;7;7
2018;7;13;7;7;7
2018;7;14;7;7;7
2018;7;15;7;7;7
2018;7;16;5;5;5
2018;7;17;5;5;5
2018;7;18;5;5;5
2018;7;19;5;5;5
2018;7;20;5;5;5
2018;7;21;5;5;5
2018;7;22;7;7;7
2018;7;23;7;7;7
2018;7;24;7;7;7
2018;7;25;7;7;7
2018;7;26;7;7;7
2018;7;27;7;7;7
2018;7;28;5;5;5
2018;7;29;7;7;7
2018;7;30;7;7;7
2018;7;31;7;7;7
2018;7;32;7;7;7
2018;7;33;7;7;7
2018;7;34;6,5;6;7
2018;7;35;4,5;4;5
2018;7;36;6;6;6
2018;8;1;7;7;7
2018;8;2;7;7;7
2018;8;3;7;7;7
2018;8;4;7;7;7
2018;8;5;7;7;7
2018;8;6;7;7;7
2018;8;7;5;5;5
2018;8;8;7;7;7
2018;8;9;7;7;7
2018;9;1;7;7;7
2019;1;1;3;3;3
2019;1;2;8;8;8
2019;1;3;5;5;5
2019;1;4;4;4;4
2019;1;5;3;3;3
2019;1;6;3;3;3
2019;1;7;8;8;8
2019;1;8;11;11;11
2019;1;9;5;5;5
2019;2;1;8,625;8;9
2019;2;2;5,75;5;7
2019;2;3;5,375;4;6
2019;2;4;4,58333333333333;3;6
2019;2;5;4,6875;3;6
2019;2;6;9,875;9;11
2019;2;7;12,75;12;14
2019;2;8;7,25;6;8
2019;2;9;10;10;10
2019;2;10;10;10;10
2019;2;11;9;9;9
2019;2;12;9;9;9
2019;2;13;14;14;14
2019;2;14;14;14;14
2019;2;15;12,5;12;13
2019;2;16;5;5;5
2019;2;17;5,33333333333333;5;6
2019;2;18;5,5;5;6
2019;2;19;10,5;10;11
2019;2;20;13;13;13
2019;2;21;8;8;8
2019;2;22;4,66666666666667;4;5
2019;2;23;5;5;5
2019;2;24;10,5;10;11
2019;2;25;13;13;13
2019;2;26;7,5;7;8
2019;2;27;4,16666666666667;3;5
2019;2;28;9,83333333333333;9;11
2019;2;29;12,6666666666667;12;13
2019;2;30;7,16666666666667;7;8
2019;2;31;10;9;11
2019;2;32;12;12;12
2019;2;33;7,5;7;8
2019;2;34;13,5;13;14
2019;2;35;9;9;9
2019;2;36;13,5;13;14
2019;3;1;10,125;10;11
2019;3;2;10,125;10;11
2019;3;3;9,33333333333333;9;10
2019;3;4;9,4375;9;10
2019;3;5;14,125;14;15
2019;3;6;14,5;14;15
2019;3;7;12,6875;12;13
2019;3;8;5,75;5;7
2019;3;9;6,04166666666667;5;7
2019;3;10;6,25;5;8
2019;3;11;11,1875;10;12
2019;3;12;13,75;13;15
2019;3;13;8,625;8;9
2019;3;14;5,79166666666667;4;7
2019;3;15;6,0625;5;7
2019;3;16;11,1875;10;12
2019;3;17;13,75;13;15
2019;3;18;8,4375;7;9
2019;3;19;5,375;3;7
2019;3;20;10,7708333333333;9;12
2019;3;21;13,7083333333333;12;15
2019;3;22;8,27083333333333;7;9
2019;3;23;11,0625;9;13
2019;3;24;13,25;12;15
2019;3;25;8,6875;7;10
2019;3;26;14,8125;13;16
2019;3;27;10,75;10;12
2019;3;28;14,9375;14;16
2019;3;29;10;10;10
2019;3;30;10,3333333333333;10;11
2019;3;31;10,5;10;11
2019;3;32;14,5;14;15
2019;3;33;15;15;15
2019;3;34;13;13;13
2019;3;35;10,3333333333333;10;11
2019;3;36;10,5;10;11
2019;3;37;14,5;14;15
2019;3;38;15;15;15
2019;3;39;13;13;13
2019;3;40;9,66666666666667;9;10
2019;3;41;14,1666666666667;14;15
2019;3;42;15;15;15
2019;3;43;12,8333333333333;12;13
2019;3;44;14,5;14;15
2019;3;45;14,5;14;15
2019;3;46;13,25;13;14
2019;3;47;16,5;16;17
2019;3;48;15;15;15
2019;3;49;16,5;16;17
2019;3;50;5,33333333333333;5;6
2019;3;51;5,5;5;6
2019;3;52;10,5;10;11
2019;3;53;13;13;13
2019;3;54;8;8;8
2019;3;55;5,83333333333333;5;7
2019;3;56;10,6666666666667;10;11
2019;3;57;13,3333333333333;13;14
2019;3;58;8;8;8
2019;3;59;11;10;12
2019;3;60;13;13;13
2019;3;61;8,5;8;9
2019;3;62;14,5;14;15
2019;3;63;11;11;11
2019;3;64;15;15;15
2019;3;65;5,5;5;6
2019;3;66;10,6666666666667;10;11
2019;3;67;13,3333333333333;13;14
2019;3;68;7,66666666666667;7;8
2019;3;69;11;10;12
2019;3;70;13;13;13
2019;3;71;8,25;8;9
2019;3;72;14,5;14;15
2019;3;73;11;11;11
2019;3;74;15;15;15
2019;3;75;10,5;9;12
2019;3;76;13;12;14
2019;3;77;8,08333333333333;7;9
2019;3;78;14,3333333333333;13;15
2019;3;79;10,6666666666667;10;11
2019;3;80;14,5;14;15
2019;3;81;14;13;15
2019;3;82;11;10;12
2019;3;83;14,25;14;15
2019;3;84;14;14;14
2019;4;1;10,125;10;11
2019;4;2;10,4166666666667;10;11
2019;4;3;10,625;10;12
2019;4;4;14,5625;14;15
2019;4;5;15,125;15;16
2019;4;6;13;13;13
2019;4;7;10,4166666666667;10;11
2019;4;8;10,625;10;12
2019;4;9;14,5625;14;15
2019;4;10;15,125;15;16
2019;4;11;13;13;13
2019;4;12;9,9375;9;11
2019;4;13;14,2708333333333;14;15
2019;4;14;15,2083333333333;15;16
2019;4;15;12,8958333333333;12;13
2019;4;16;14,625;14;16
2019;4;17;14,8125;14;16
2019;4;18;13,34375;13;14
2019;4;19;16,5625;16;17
2019;4;20;15;15;15
2019;4;21;16,6875;16;17
2019;4;22;6,04166666666667;5;7
2019;4;23;6,25;5;8
2019;4;24;11,1875;10;12
2019;4;25;13,75;13;15
2019;4;26;8,625;8;9
2019;4;27;6,54166666666667;5;8
2019;4;28;11,3333333333333;10;12
2019;4;29;14,0416666666667;13;15
2019;4;30;8,625;8;9
2019;4;31;11,6875;10;13
2019;4;32;13,75;13;15
2019;4;33;9,125;8;10
2019;4;34;15,1875;14;16
2019;4;35;11,625;11;12
2019;4;36;15,625;15;16
2019;4;37;6,41666666666667;5;8
2019;4;38;11,3333333333333;10;12
2019;4;39;14,0416666666667;13;15
2019;4;40;8,5;7;9
2019;4;41;11,6875;10;13
2019;4;42;13,75;13;15
2019;4;43;9,03125;8;10
2019;4;44;15,1875;14;16
2019;4;45;11,625;11;12
2019;4;46;15,625;15;16
2019;4;47;11,3333333333333;9;13
2019;4;48;13,875;12;15
2019;4;49;8,94791666666667;7;10
2019;4;50;15,2083333333333;13;16
2019;4;51;11,5;10;12
2019;4;52;15,3958333333333;14;16
2019;4;53;15;13;16
2019;4;54;11,9375;10;13
2019;4;55;15,28125;14;16
2019;4;56;15,25;14;16
2019;4;57;10,3333333333333;10;11
2019;4;58;10,5;10;11
2019;4;59;14,5;14;15
2019;4;60;15;15;15
2019;4;61;13;13;13
2019;4;62;10,8333333333333;10;12
2019;4;63;14,6666666666667;14;15
2019;4;64;15,3333333333333;15;16
2019;4;65;13;13;13
2019;4;66;15;14;16
2019;4;67;15;15;15
2019;4;68;13,5;13;14
2019;4;69;16,5;16;17
2019;4;70;15;15;15
2019;4;71;17;17;17
2019;4;72;10,8333333333333;10;12
2019;4;73;14,6666666666667;14;15
2019;4;74;15,3333333333333;15;16
2019;4;75;13;13;13
2019;4;76;15;14;16
2019;4;77;15;15;15
2019;4;78;13,5;13;14
2019;4;79;16,5;16;17
2019;4;80;15;15;15
2019;4;81;17;17;17
2019;4;82;14,6666666666667;14;16
2019;4;83;15,1666666666667;15;16
2019;4;84;13,4166666666667;13;14
2019;4;85;16,6666666666667;16;17
2019;4;86;15;15;15
2019;4;87;16,8333333333333;16;17
2019;4;88;16,5;16;17
2019;4;89;15,5;15;16
2019;4;90;16,75;16;17
2019;4;91;17;17;17
2019;4;92;5,83333333333333;5;7
2019;4;93;10,6666666666667;10;11
2019;4;94;13,3333333333333;13;14
2019;4;95;8;8;8
2019;4;96;11;10;12
2019;4;97;13;13;13
2019;4;98;8,5;8;9
2019;4;99;14,5;14;15
2019;4;100;11;11;11
2019;4;101;15;15;15
2019;4;102;11,1666666666667;10;12
2019;4;103;13,3333333333333;13;14
2019;4;104;8,5;8;9
2019;4;105;14,6666666666667;14;15
2019;4;106;11;11;11
2019;4;107;15;15;15
2019;4;108;14,5;14;15
2019;4;109;11,5;11;12
2019;4;110;15;15;15
2019;4;111;15;15;15
2019;4;112;11,1666666666667;10;12
2019;4;113;13,3333333333333;13;14
2019;4;114;8,33333333333333;8;9
2019;4;115;14,6666666666667;14;15
2019;4;116;11;11;11
2019;4;117;15;15;15
2019;4;118;14,5;14;15
2019;4;119;11,5;11;12
2019;4;120;15;15;15
2019;4;121;15;15;15
2019;4;122;14,5;13;15
2019;4;123;11,3333333333333;10;12
2019;4;124;14,75;14;15
2019;4;125;14,6666666666667;14;15
2019;4;126;14,5;14;15
2019;5;1;10,4166666666667;10;11
2019;5;2;10,625;10;12
2019;5;3;14,5625;14;15
2019;5;4;15,125;15;16
2019;5;5;13;13;13
2019;5;6;10,9166666666667;10;12
2019;5;7;14,7083333333333;14;15
2019;5;8;15,4166666666667;15;16
2019;5;9;13;13;13
2019;5;10;15,0625;14;16
2019;5;11;15,125;15;16
2019;5;12;13,5;13;14
2019;5;13;16,5625;16;17
2019;5;14;15;15;15
2019;5;15;17;17;17
2019;5;16;10,9166666666667;10;12
2019;5;17;14,7083333333333;14;15
2019;5;18;15,4166666666667;15;16
2019;5;19;13;13;13
2019;5;20;15,0625;14;16
2019;5;21;15,125;15;16
2019;5;22;13,5;13;14
2019;5;23;16,5625;16;17
2019;5;24;15;15;15
2019;5;25;17;17;17
2019;5;26;14,7708333333333;14;16
2019;5;27;15,3125;15;16
2019;5;28;13,4479166666667;13;14
2019;5;29;16,7083333333333;16;17
2019;5;30;15;15;15
2019;5;31;16,8958333333333;16;17
2019;5;32;16,5625;16;17
2019;5;33;15,5;15;16
2019;5;34;16,84375;16;17
2019;5;35;17;17;17
2019;5;36;6,54166666666667;5;8
2019;5;37;11,3333333333333;10;12
2019;5;38;14,0416666666667;13;15
2019;5;39;8,625;8;9
2019;5;40;11,6875;10;13
2019;5;41;13,75;13;15
2019;5;42;9,125;8;10
2019;5;43;15,1875;14;16
2019;5;44;11,625;11;12
2019;5;45;15,625;15;16
2019;5;46;11,8333333333333;10;13
2019;5;47;14,0416666666667;13;15
2019;5;48;9,125;8;10
2019;5;49;15,3333333333333;14;16
2019;5;50;11,625;11;12
2019;5;51;15,625;15;16
2019;5;52;15,1875;14;16
2019;5;53;12,125;11;13
2019;5;54;15,625;15;16
2019;5;55;15,625;15;16
2019;5;56;11,8333333333333;10;13
2019;5;57;14,0416666666667;13;15
2019;5;58;9,0625;8;10
2019;5;59;15,3333333333333;14;16
2019;5;60;11,625;11;12
2019;5;61;15,625;15;16
2019;5;62;15,1875;14;16
2019;5;63;12,125;11;13
2019;5;64;15,625;15;16
2019;5;65;15,625;15;16
2019;5;66;15,2708333333333;13;16
2019;5;67;12,0625;10;13
2019;5;68;15,5104166666667;14;16
2019;5;69;15,5;14;16
2019;5;70;15,4375;14;16
2019;5;71;10,8333333333333;10;12
2019;5;72;14,6666666666667;14;15
2019;5;73;15,3333333333333;15;16
2019;5;74;13;13;13
2019;5;75;15;14;16
2019;5;76;15;15;15
2019;5;77;13,5;13;14
2019;5;78;16,5;16;17
2019;5;79;15;15;15
2019;5;80;17;17;17
2019;5;81;15,1666666666667;14;16
2019;5;82;15,3333333333333;15;16
2019;5;83;13,5;13;14
2019;5;84;16,6666666666667;16;17
2019;5;85;15;15;15
2019;5;86;17;17;17
2019;5;87;16,5;16;17
2019;5;88;15,5;15;16
2019;5;89;17;17;17
2019;5;90;17;17;17
2019;5;91;15,1666666666667;14;16
2019;5;92;15,3333333333333;15;16
2019;5;93;13,5;13;14
2019;5;94;16,6666666666667;16;17
2019;5;95;15;15;15
2019;5;96;17;17;17
2019;5;97;16,5;16;17
2019;5;98;15,5;15;16
2019;5;99;17;17;17
2019;5;100;17;17;17
2019;5;101;16,6666666666667;16;17
2019;5;102;15,5;15;16
2019;5;103;16,9166666666667;16;17
2019;5;104;17;17;17
2019;5;105;17;17;17
2019;5;106;11,1666666666667;10;12
2019;5;107;13,3333333333333;13;14
2019;5;108;8,5;8;9
2019;5;109;14,6666666666667;14;15
2019;5;110;11;11;11
2019;5;111;15;15;15
2019;5;112;14,5;14;15
2019;5;113;11,5;11;12
2019;5;114;15;15;15
2019;5;115;15;15;15
2019;5;116;14,6666666666667;14;15
2019;5;117;11,5;11;12
2019;5;118;15;15;15
2019;5;119;15;15;15
2019;5;120;15;15;15
2019;5;121;14,6666666666667;14;15
2019;5;122;11,5;11;12
2019;5;123;15;15;15
2019;5;124;15;15;15
2019;5;125;15;15;15
2019;5;126;14,8333333333333;14;15
2019;6;1;10,9166666666667;10;12
2019;6;2;14,7083333333333;14;15
2019;6;3;15,4166666666667;15;16
2019;6;4;13;13;13
2019;6;5;15,0625;14;16
2019;6;6;15,125;15;16
2019;6;7;13,5;13;14
2019;6;8;16,5625;16;17
2019;6;9;15;15;15
2019;6;10;17;17;17
2019;6;11;15,2083333333333;14;16
2019;6;12;15,4166666666667;15;16
2019;6;13;13,5;13;14
2019;6;14;16,7083333333333;16;17
2019;6;15;15;15;15
2019;6;16;17;17;17
2019;6;17;16,5625;16;17
2019;6;18;15,5;15;16
2019;6;19;17;17;17
2019;6;20;17;17;17
2019;6;21;15,2083333333333;14;16
2019;6;22;15,4166666666667;15;16
2019;6;23;13,5;13;14
2019;6;24;16,7083333333333;16;17
2019;6;25;15;15;15
2019;6;26;17;17;17
2019;6;27;16,5625;16;17
2019;6;28;15,5;15;16
2019;6;29;17;17;17
2019;6;30;17;17;17
2019;6;31;16,7083333333333;16;17
2019;6;32;15,5;15;16
2019;6;33;16,9479166666667;16;17
2019;6;34;17;17;17
2019;6;35;17;17;17
2019;6;36;11,8333333333333;10;13
2019;6;37;14,0416666666667;13;15
2019;6;38;9,125;8;10
2019;6;39;15,3333333333333;14;16
2019;6;40;11,625;11;12
2019;6;41;15,625;15;16
2019;6;42;15,1875;14;16
2019;6;43;12,125;11;13
2019;6;44;15,625;15;16
2019;6;45;15,625;15;16
2019;6;46;15,3333333333333;14;16
2019;6;47;12,125;11;13
2019;6;48;15,625;15;16
2019;6;49;15,625;15;16
2019;6;50;15,625;15;16
2019;6;51;15,3333333333333;14;16
2019;6;52;12,125;11;13
2019;6;53;15,625;15;16
2019;6;54;15,625;15;16
2019;6;55;15,625;15;16
2019;6;56;15,5625;14;16
2019;6;57;15,1666666666667;14;16
2019;6;58;15,3333333333333;15;16
2019;6;59;13,5;13;14
2019;6;60;16,6666666666667;16;17
2019;6;61;15;15;15
2019;6;62;17;17;17
2019;6;63;16,5;16;17
2019;6;64;15,5;15;16
2019;6;65;17;17;17
2019;6;66;17;17;17
2019;6;67;16,6666666666667;16;17
2019;6;68;15,5;15;16
2019;6;69;17;17;17
2019;6;70;17;17;17
2019;6;71;17;17;17
2019;6;72;16,6666666666667;16;17
2019;6;73;15,5;15;16
2019;6;74;17;17;17
2019;6;75;17;17;17
2019;6;76;17;17;17
2019;6;77;17;17;17
2019;6;78;14,6666666666667;14;15
2019;6;79;11,5;11;12
2019;6;80;15;15;15
2019;6;81;15;15;15
2019;6;82;15;15;15
2019;6;83;15;15;15
2019;6;84;15;15;15
2019;7;1;15,2083333333333;14;16
2019;7;2;15,4166666666667;15;16
2019;7;3;13,5;13;14
2019;7;4;16,7083333333333;16;17
2019;7;5;15;15;15
2019;7;6;17;17;17
2019;7;7;16,5625;16;17
2019;7;8;15,5;15;16
2019;7;9;17;17;17
2019;7;10;17;17;17
2019;7;11;16,7083333333333;16;17
2019;7;12;15,5;15;16
2019;7;13;17;17;17
2019;7;14;17;17;17
2019;7;15;17;17;17
2019;7;16;16,7083333333333;16;17
2019;7;17;15,5;15;16
2019;7;18;17;17;17
2019;7;19;17;17;17
2019;7;20;17;17;17
2019;7;21;17;17;17
2019;7;22;15,3333333333333;14;16
2019;7;23;12,125;11;13
2019;7;24;15,625;15;16
2019;7;25;15,625;15;16
2019;7;26;15,625;15;16
2019;7;27;15,625;15;16
2019;7;28;15,625;15;16
2019;7;29;16,6666666666667;16;17
2019;7;30;15,5;15;16
2019;7;31;17;17;17
2019;7;32;17;17;17
2019;7;33;17;17;17
2019;7;34;17;17;17
2019;7;35;17;17;17
2019;7;36;15;15;15
2019;8;1;16,7083333333333;16;17
2019;8;2;15,5;15;16
2019;8;3;17;17;17
2019;8;4;17;17;17
2019;8;5;17;17;17
2019;8;6;17;17;17
2019;8;7;17;17;17
2019;8;8;15,625;15;16
2019;8;9;17;17;17
2019;9;1;17;17;17
